{
    "test_accuracy": 0.983,
    "test_f1_macro": 0.9829608514577465,
    "classification_report": {
        "0": {
            "precision": 0.9754831584759801,
            "recall": 0.982317615658363,
            "f1-score": 0.978888457915443,
            "support": 8992.0
        },
        "1": {
            "precision": 0.9796377545280684,
            "recall": 0.9732871353526321,
            "f1-score": 0.9764521193092621,
            "support": 8947.0
        },
        "2": {
            "precision": 0.9938162544169611,
            "recall": 0.9932678512305485,
            "f1-score": 0.9935419771485345,
            "support": 9061.0
        },
        "accuracy": 0.983,
        "macro avg": {
            "precision": 0.9829790558070032,
            "recall": 0.9829575340805145,
            "f1-score": 0.9829608514577465,
            "support": 27000.0
        },
        "weighted avg": {
            "precision": 0.9830123197055824,
            "recall": 0.983,
            "f1-score": 0.9829987399992038,
            "support": 27000.0
        }
    }
}